{"cameraMode":{"drawMode":0,"name":"Shaded","section":"Shading Mode"},"sceneLighting":false,"audioPlay":false,"sceneViewState":{"showFog":true,"showMaterialUpdate":false,"showSkybox":true,"showFlares":true,"showImageEffects":true,"showParticleSystems":true},"in2DMode":false,"pivot":{"x":0.3953484892845154,"y":0.4891822934150696,"z":1.343677282333374},"rotation":{"x":0.17215466499328614,"y":-0.8276896476745606,"z":0.36873215436935427,"w":0.38643142580986025},"size":1.6054935455322266,"orthographic":false}