{"cameraMode":{"drawMode":0,"name":"Shaded","section":"Shading Mode"},"sceneLighting":true,"audioPlay":false,"sceneViewState":{"showFog":true,"showMaterialUpdate":false,"showSkybox":true,"showFlares":true,"showImageEffects":true,"showParticleSystems":true},"in2DMode":false,"pivot":{"x":-1.7738361358642579,"y":-3.6804375648498537,"z":4.309350967407227},"rotation":{"x":0.42414167523384097,"y":0.05563640221953392,"z":-0.026117786765098573,"w":0.9035078287124634},"size":14.781954765319825,"orthographic":false}