{"cameraMode":{"drawMode":0,"name":"Shaded","section":"Shading Mode"},"sceneLighting":false,"audioPlay":false,"sceneViewState":{"showFog":true,"showMaterialUpdate":false,"showSkybox":true,"showFlares":true,"showImageEffects":true,"showParticleSystems":true},"in2DMode":false,"pivot":{"x":4.333549499511719,"y":0.07500000298023224,"z":-0.6870863437652588},"rotation":{"x":0.20350238680839539,"y":-0.25507989525794985,"z":0.05500863865017891,"w":0.9436604976654053},"size":4.1398234367370609,"orthographic":false}